"0",""
"0","province_2 <- read_excel(""./data/dengue_np.xlsx"", "
"0","                      sheet = ""Province 2"" )"
"0","province_3 <- read_excel(""./data/dengue_np.xlsx"", "
"0","                      sheet = ""Province 3"" )"
"0","province_4 <- read_excel(""./data/dengue_np.xlsx"", "
"0","                      sheet = ""Province 4"" )"
"0","province_5 <- read_excel(""./data/dengue_np.xlsx"", "
"0","                      sheet = ""Province 5"" )"
"0","province_6 <- read_excel(""./data/dengue_np.xlsx"", "
"0","                      sheet = ""Province 6"" )"
"0","province_7 <- read_excel(""./data/dengue_np.xlsx"", "
"0","                      sheet = ""Province 7"" )"
"0",""
"0",""
